{"cameraMode":{"drawMode":0,"name":"Shaded","section":"Shading Mode"},"sceneLighting":true,"audioPlay":false,"sceneViewState":{"m_AlwaysRefresh":false,"showFog":true,"showSkybox":true,"showFlares":true,"showImageEffects":true,"showParticleSystems":true,"showVisualEffectGraphs":true,"m_FxEnabled":true},"in2DMode":false,"pivot":{"x":-21.384138107299806,"y":30.165510177612306,"z":-58.33869552612305},"rotation":{"x":-0.08879701793193817,"y":-0.3394962251186371,"z":0.03220980614423752,"w":-0.9358601570129395},"size":18.030134201049806,"orthographic":false}