{"cameraMode":{"drawMode":0,"name":"Shaded","section":"Shading Mode"},"sceneLighting":true,"audioPlay":false,"sceneViewState":{"m_AlwaysRefresh":false,"showFog":true,"showSkybox":true,"showFlares":true,"showImageEffects":true,"showParticleSystems":true,"showVisualEffectGraphs":true,"m_FxEnabled":true},"in2DMode":false,"pivot":{"x":-37.974517822265628,"y":21.450979232788087,"z":-53.53691101074219},"rotation":{"x":-0.21929606795310975,"y":-0.09204256534576416,"z":0.020783601328730584,"w":-0.971091628074646},"size":18.030134201049806,"orthographic":false}